0.18562869|0.00000000|0.00000000|0.00000000|0.00000000|0.00000000|0.00000000|0.00000000|0.13374339|0.00000000|0.00000000|0.11746982|0.00000000|0.11746982|0.11283347|0.00000000|0.11260750|0.13226163|0.14443800|0.00000000|0.00000000|0.00000000|0.00000000|0.00000000|0.00000000|0.00000000|0.00000000|0.00000000|0.00000000|0.00000000|0.00000000|0.00000000|0.00000000|0.00000000|0.00000000|0.00000000|0.00000000|0.00000000|0.00000000|0.00000000|0.00000000|0.00000000|0.00000000|0.00000000|0.00000000|0.00000000|0.00000000|0.00000000|0.00000000|0.00000000
0.00000000|0.10270000|0.00000000|0.00000000|0.00000000|0.00000000|0.00000000|0.00000000|0.00000000|0.00000000|0.00000000|0.00000000|0.00000000|0.00000000|0.00000000|0.00000000|0.00000000|0.00000000|0.00000000|0.00000000|0.00000000|0.00000000|0.00000000|0.00000000|0.00000000|0.00000000|0.00000000|0.00000000|0.00000000|0.00000000|0.00000000|0.00000000|0.00000000|0.00000000|0.00000000|0.00000000|0.00000000|0.00000000|0.00000000|0.00000000|0.00000000|0.00000000|0.00000000|0.00000000|0.00000000|0.00000000|0.00000000|0.00000000|0.00000000|0.00000000
0.00000000|0.00000000|0.08600000|0.00000000|0.00000000|0.00000000|0.00000000|0.00000000|0.00000000|0.00000000|0.00000000|0.00000000|0.00000000|0.00000000|0.00000000|0.00000000|0.00000000|0.00000000|0.00000000|0.00000000|0.00000000|0.00000000|0.00000000|0.00000000|0.00000000|0.00000000|0.00000000|0.00000000|0.00000000|0.00000000|0.00000000|0.00000000|0.00000000|0.00000000|0.00000000|0.00000000|0.00000000|0.00000000|0.00000000|0.00000000|0.00000000|0.00000000|0.00000000|0.00000000|0.00000000|0.00000000|0.00000000|0.00000000|0.00000000|0.00000000
0.00000000|0.00000000|0.00000000|1.77114750|0.00000000|0.00000000|1.70714750|0.00000000|0.00000000|0.00000000|0.00000000|0.00000000|0.00000000|0.00000000|0.00000000|0.00000000|0.00000000|0.00000000|0.00000000|0.00000000|0.00000000|0.00000000|0.00000000|0.00000000|0.00000000|0.00000000|0.00000000|1.70714750|0.00000000|0.00000000|0.00000000|0.00000000|0.00000000|0.00000000|0.00000000|0.00000000|1.70714750|0.00000000|0.00000000|0.00000000|0.00000000|0.00000000|0.00000000|0.00000000|0.00000000|0.00000000|0.00000000|0.00000000|0.00000000|0.00000000
0.00000000|0.00000000|0.00000000|0.00000000|0.03440000|0.00000000|0.00000000|0.00000000|0.00000000|0.00000000|0.00000000|0.00000000|0.00000000|0.00000000|0.00000000|0.00000000|0.00000000|0.00000000|0.00000000|0.00000000|0.00000000|0.00000000|0.00000000|0.00000000|0.00000000|0.00000000|0.00000000|0.00000000|0.00000000|0.00000000|0.00000000|0.00000000|0.00000000|0.00000000|0.00000000|0.00000000|0.00000000|0.00000000|0.00000000|0.00000000|0.00000000|0.00000000|0.00000000|0.00000000|0.00000000|0.00000000|0.00000000|0.00000000|0.00000000|0.00000000
0.00000000|0.00000000|0.00000000|0.00000000|0.00000000|0.00000000|0.00000000|0.00000000|0.00000000|0.00000000|0.00000000|0.00000000|0.00000000|0.00000000|0.00000000|0.00000000|0.00000000|0.00000000|0.00000000|0.00000000|0.00000000|0.00000000|0.00000000|0.00000000|0.00000000|0.00000000|0.00000000|0.00000000|0.00000000|0.00000000|0.00000000|0.00000000|0.00000000|0.00000000|0.00000000|0.00000000|0.00000000|0.00000000|0.00000000|0.00000000|0.00000000|0.00000000|0.00000000|0.00000000|0.00000000|0.00000000|0.00000000|0.00000000|0.00000000|0.00000000
0.00000000|0.00000000|0.00000000|1.70714750|0.00000000|0.00000000|1.70714750|0.00000000|0.00000000|0.00000000|0.00000000|0.00000000|0.00000000|0.00000000|0.00000000|0.00000000|0.00000000|0.00000000|0.00000000|0.00000000|0.00000000|0.00000000|0.00000000|0.00000000|0.00000000|0.00000000|0.00000000|1.70714750|0.00000000|0.00000000|0.00000000|0.00000000|0.00000000|0.00000000|0.00000000|0.00000000|1.70714750|0.00000000|0.00000000|0.00000000|0.00000000|0.00000000|0.00000000|0.00000000|0.00000000|0.00000000|0.00000000|0.00000000|0.00000000|0.00000000
0.00000000|0.00000000|0.00000000|0.00000000|0.00000000|0.00000000|0.00000000|0.00000000|0.00000000|0.00000000|0.00000000|0.00000000|0.00000000|0.00000000|0.00000000|0.00000000|0.00000000|0.00000000|0.00000000|0.00000000|0.00000000|0.00000000|0.00000000|0.00000000|0.00000000|0.00000000|0.00000000|0.00000000|0.00000000|0.00000000|0.00000000|0.00000000|0.00000000|0.00000000|0.00000000|0.00000000|0.00000000|0.00000000|0.00000000|0.00000000|0.00000000|0.00000000|0.00000000|0.00000000|0.00000000|0.00000000|0.00000000|0.00000000|0.00000000|0.00000000
0.13374339|0.00000000|0.00000000|0.00000000|0.00000000|0.00000000|0.00000000|0.00000000|0.15701706|0.00000000|0.00000000|0.13371772|0.00000000|0.13371772|0.12139743|0.00000000|0.12507884|0.13053360|0.12689987|0.00000000|0.00000000|0.00000000|0.00000000|0.00000000|0.00000000|0.00000000|0.00000000|0.00000000|0.00000000|0.00000000|0.00000000|0.00000000|0.00000000|0.00000000|0.00000000|0.00000000|0.00000000|0.00000000|0.00000000|0.00000000|0.00000000|0.00000000|0.00000000|0.00000000|0.00000000|0.00000000|0.00000000|0.00000000|0.00000000|0.00000000
0.00000000|0.00000000|0.00000000|0.00000000|0.00000000|0.00000000|0.00000000|0.00000000|0.00000000|0.00000000|0.00000000|0.00000000|0.00000000|0.00000000|0.00000000|0.00000000|0.00000000|0.00000000|0.00000000|0.00000000|0.00000000|0.00000000|0.00000000|0.00000000|0.00000000|0.00000000|0.00000000|0.00000000|0.00000000|0.00000000|0.00000000|0.00000000|0.00000000|0.00000000|0.00000000|0.00000000|0.00000000|0.00000000|0.00000000|0.00000000|0.00000000|0.00000000|0.00000000|0.00000000|0.00000000|0.00000000|0.00000000|0.00000000|0.00000000|0.00000000
0.00000000|0.00000000|0.00000000|0.00000000|0.00000000|0.00000000|0.00000000|0.00000000|0.00000000|0.00000000|0.00000000|0.00000000|0.00000000|0.00000000|0.00000000|0.00000000|0.00000000|0.00000000|0.00000000|0.00000000|0.00000000|0.00000000|0.00000000|0.00000000|0.00000000|0.00000000|0.00000000|0.00000000|0.00000000|0.00000000|0.00000000|0.00000000|0.00000000|0.00000000|0.00000000|0.00000000|0.00000000|0.00000000|0.00000000|0.00000000|0.00000000|0.00000000|0.00000000|0.00000000|0.00000000|0.00000000|0.00000000|0.00000000|0.00000000|0.00000000
0.11746982|0.00000000|0.00000000|0.00000000|0.00000000|0.00000000|0.00000000|0.00000000|0.13371772|0.00000000|0.00000000|0.35296123|0.00000000|0.16536123|0.13560688|0.00000000|0.14827905|0.12014832|0.11502122|0.00000000|0.00000000|0.00000000|0.00000000|0.00000000|0.00000000|0.00000000|0.00000000|0.00000000|0.00000000|0.00000000|0.00000000|0.00000000|0.00000000|0.00000000|0.00000000|0.00000000|0.00000000|0.00000000|0.00000000|0.00000000|0.00000000|0.00000000|0.00000000|0.00000000|0.00000000|0.00000000|0.00000000|0.00000000|0.00000000|0.00000000
0.00000000|0.00000000|0.00000000|0.00000000|0.00000000|0.00000000|0.00000000|0.00000000|0.00000000|0.00000000|0.00000000|0.00000000|0.00000000|0.00000000|0.00000000|0.00000000|0.00000000|0.00000000|0.00000000|0.00000000|0.00000000|0.00000000|0.00000000|0.00000000|0.00000000|0.00000000|0.00000000|0.00000000|0.00000000|0.00000000|0.00000000|0.00000000|0.00000000|0.00000000|0.00000000|0.00000000|0.00000000|0.00000000|0.00000000|0.00000000|0.00000000|0.00000000|0.00000000|0.00000000|0.00000000|0.00000000|0.00000000|0.00000000|0.00000000|0.00000000
0.11746982|0.00000000|0.00000000|0.00000000|0.00000000|0.00000000|0.00000000|0.00000000|0.13371772|0.00000000|0.00000000|0.16536123|0.00000000|0.16536123|0.13560688|0.00000000|0.14827905|0.12014832|0.11502122|0.00000000|0.00000000|0.00000000|0.00000000|0.00000000|0.00000000|0.00000000|0.00000000|0.00000000|0.00000000|0.00000000|0.00000000|0.00000000|0.00000000|0.00000000|0.00000000|0.00000000|0.00000000|0.00000000|0.00000000|0.00000000|0.00000000|0.00000000|0.00000000|0.00000000|0.00000000|0.00000000|0.00000000|0.00000000|0.00000000|0.00000000
0.11283347|0.00000000|0.00000000|0.00000000|0.00000000|0.00000000|0.00000000|0.00000000|0.12139743|0.00000000|0.00000000|0.13560688|0.00000000|0.13560688|0.17892121|0.00000000|0.15144333|0.12463841|0.11646343|0.00000000|0.00000000|0.00000000|0.00000000|0.00000000|0.00000000|0.00000000|0.00000000|0.00000000|0.00000000|0.00000000|0.00000000|0.00000000|0.00000000|0.00000000|0.00000000|0.00000000|0.00000000|0.00000000|0.00000000|0.00000000|0.00000000|0.00000000|0.00000000|0.00000000|0.00000000|0.00000000|0.00000000|0.00000000|0.00000000|0.00000000
0.00000000|0.00000000|0.00000000|0.00000000|0.00000000|0.00000000|0.00000000|0.00000000|0.00000000|0.00000000|0.00000000|0.00000000|0.00000000|0.00000000|0.00000000|0.00000000|0.00000000|0.00000000|0.00000000|0.00000000|0.00000000|0.00000000|0.00000000|0.00000000|0.00000000|0.00000000|0.00000000|0.00000000|0.00000000|0.00000000|0.00000000|0.00000000|0.00000000|0.00000000|0.00000000|0.00000000|0.00000000|0.00000000|0.00000000|0.00000000|0.00000000|0.00000000|0.00000000|0.00000000|0.00000000|0.00000000|0.00000000|0.00000000|0.00000000|0.00000000
0.11260750|0.00000000|0.00000000|0.00000000|0.00000000|0.00000000|0.00000000|0.00000000|0.12507884|0.00000000|0.00000000|0.14827905|0.00000000|0.14827905|0.15144333|0.00000000|0.17057683|0.11924415|0.11289675|0.00000000|0.00000000|0.00000000|0.00000000|0.00000000|0.00000000|0.00000000|0.00000000|0.00000000|0.00000000|0.00000000|0.00000000|0.00000000|0.00000000|0.00000000|0.00000000|0.00000000|0.00000000|0.00000000|0.00000000|0.00000000|0.00000000|0.00000000|0.00000000|0.00000000|0.00000000|0.00000000|0.00000000|0.00000000|0.00000000|0.00000000
0.13226163|0.00000000|0.00000000|0.00000000|0.00000000|0.00000000|0.00000000|0.00000000|0.13053360|0.00000000|0.00000000|0.12014832|0.00000000|0.12014832|0.12463841|0.00000000|0.11924415|0.16152385|0.14651092|0.00000000|0.00000000|0.00000000|0.00000000|0.00000000|0.00000000|0.00000000|0.00000000|0.00000000|0.00000000|0.00000000|0.00000000|0.00000000|0.00000000|0.00000000|0.00000000|0.00000000|0.00000000|0.00000000|0.00000000|0.00000000|0.00000000|0.00000000|0.00000000|0.00000000|0.00000000|0.00000000|0.00000000|0.00000000|0.00000000|0.00000000
0.14443800|0.00000000|0.00000000|0.00000000|0.00000000|0.00000000|0.00000000|0.00000000|0.12689987|0.00000000|0.00000000|0.11502122|0.00000000|0.11502122|0.11646343|0.00000000|0.11289675|0.14651092|0.17329281|0.00000000|0.00000000|0.00000000|0.00000000|0.00000000|0.00000000|0.00000000|0.00000000|0.00000000|0.00000000|0.00000000|0.00000000|0.00000000|0.00000000|0.00000000|0.00000000|0.00000000|0.00000000|0.00000000|0.00000000|0.00000000|0.00000000|0.00000000|0.00000000|0.00000000|0.00000000|0.00000000|0.00000000|0.00000000|0.00000000|0.00000000
0.00000000|0.00000000|0.00000000|0.00000000|0.00000000|0.00000000|0.00000000|0.00000000|0.00000000|0.00000000|0.00000000|0.00000000|0.00000000|0.00000000|0.00000000|0.00000000|0.00000000|0.00000000|0.00000000|0.00000000|0.00000000|0.00000000|0.00000000|0.00000000|0.00000000|0.00000000|0.00000000|0.00000000|0.00000000|0.00000000|0.00000000|0.00000000|0.00000000|0.00000000|0.00000000|0.00000000|0.00000000|0.00000000|0.00000000|0.00000000|0.00000000|0.00000000|0.00000000|0.00000000|0.00000000|0.00000000|0.00000000|0.00000000|0.00000000|0.00000000
0.00000000|0.00000000|0.00000000|0.00000000|0.00000000|0.00000000|0.00000000|0.00000000|0.00000000|0.00000000|0.00000000|0.00000000|0.00000000|0.00000000|0.00000000|0.00000000|0.00000000|0.00000000|0.00000000|0.00000000|0.00000000|0.00000000|0.00000000|0.00000000|0.00000000|0.00000000|0.00000000|0.00000000|0.00000000|0.00000000|0.00000000|0.00000000|0.00000000|0.00000000|0.00000000|0.00000000|0.00000000|0.00000000|0.00000000|0.00000000|0.00000000|0.00000000|0.00000000|0.00000000|0.00000000|0.00000000|0.00000000|0.00000000|0.00000000|0.00000000
0.00000000|0.00000000|0.00000000|0.00000000|0.00000000|0.00000000|0.00000000|0.00000000|0.00000000|0.00000000|0.00000000|0.00000000|0.00000000|0.00000000|0.00000000|0.00000000|0.00000000|0.00000000|0.00000000|0.00000000|0.00000000|0.92737500|0.00000000|0.00000000|0.00000000|0.00000000|0.00000000|0.00000000|0.00000000|0.00000000|0.00000000|0.00000000|0.00000000|0.00000000|0.00000000|0.00000000|0.00000000|0.00000000|0.00000000|0.00000000|0.00000000|0.00000000|0.00000000|0.00000000|0.00000000|0.00000000|0.00000000|0.00000000|0.00000000|0.00000000
0.00000000|0.00000000|0.00000000|0.00000000|0.00000000|0.00000000|0.00000000|0.00000000|0.00000000|0.00000000|0.00000000|0.00000000|0.00000000|0.00000000|0.00000000|0.00000000|0.00000000|0.00000000|0.00000000|0.00000000|0.00000000|0.00000000|0.28110000|0.00000000|0.00000000|0.00000000|0.00000000|0.00000000|0.00000000|0.00000000|0.00000000|0.00000000|0.00000000|0.00000000|0.00000000|0.00000000|0.00000000|0.28110000|0.00000000|0.00000000|0.00000000|0.00000000|0.00000000|0.00000000|0.00000000|0.00000000|0.00000000|0.00000000|0.00000000|0.00000000
0.00000000|0.00000000|0.00000000|0.00000000|0.00000000|0.00000000|0.00000000|0.00000000|0.00000000|0.00000000|0.00000000|0.00000000|0.00000000|0.00000000|0.00000000|0.00000000|0.00000000|0.00000000|0.00000000|0.00000000|0.00000000|0.00000000|0.00000000|0.03260000|0.00000000|0.00000000|0.00000000|0.00000000|0.00000000|0.00000000|0.00000000|0.00000000|0.00000000|0.00000000|0.00000000|0.00000000|0.00000000|0.00000000|0.00000000|0.00000000|0.00000000|0.00000000|0.00000000|0.00000000|0.00000000|0.00000000|0.00000000|0.00000000|0.00000000|0.00000000
0.00000000|0.00000000|0.00000000|0.00000000|0.00000000|0.00000000|0.00000000|0.00000000|0.00000000|0.00000000|0.00000000|0.00000000|0.00000000|0.00000000|0.00000000|0.00000000|0.00000000|0.00000000|0.00000000|0.00000000|0.00000000|0.00000000|0.00000000|0.00000000|0.00000000|0.00000000|0.00000000|0.00000000|0.00000000|0.00000000|0.00000000|0.00000000|0.00000000|0.00000000|0.00000000|0.00000000|0.00000000|0.00000000|0.00000000|0.00000000|0.00000000|0.00000000|0.00000000|0.00000000|0.00000000|0.00000000|0.00000000|0.00000000|0.00000000|0.00000000
0.00000000|0.00000000|0.00000000|0.00000000|0.00000000|0.00000000|0.00000000|0.00000000|0.00000000|0.00000000|0.00000000|0.00000000|0.00000000|0.00000000|0.00000000|0.00000000|0.00000000|0.00000000|0.00000000|0.00000000|0.00000000|0.00000000|0.00000000|0.00000000|0.00000000|0.00000000|0.00000000|0.00000000|0.00000000|0.00000000|0.00000000|0.00000000|0.00000000|0.00000000|0.00000000|0.00000000|0.00000000|0.00000000|0.00000000|0.00000000|0.00000000|0.00000000|0.00000000|0.00000000|0.00000000|0.00000000|0.00000000|0.00000000|0.00000000|0.00000000
0.00000000|0.00000000|0.00000000|0.00000000|0.00000000|0.00000000|0.00000000|0.00000000|0.00000000|0.00000000|0.00000000|0.00000000|0.00000000|0.00000000|0.00000000|0.00000000|0.00000000|0.00000000|0.00000000|0.00000000|0.00000000|0.00000000|0.00000000|0.00000000|0.00000000|0.00000000|0.21541714|0.00000000|0.19513230|0.19513230|0.00000000|0.00000000|0.00000000|0.00000000|0.00000000|0.16812080|0.00000000|0.00000000|0.17346076|0.00000000|0.17346076|0.17346076|0.00000000|0.16812080|0.00000000|0.20187170|0.00000000|0.00000000|0.00000000|0.00000000
0.00000000|0.00000000|0.00000000|1.70714750|0.00000000|0.00000000|1.70714750|0.00000000|0.00000000|0.00000000|0.00000000|0.00000000|0.00000000|0.00000000|0.00000000|0.00000000|0.00000000|0.00000000|0.00000000|0.00000000|0.00000000|0.00000000|0.00000000|0.00000000|0.00000000|0.00000000|0.00000000|1.87984750|0.00000000|0.00000000|0.00000000|0.00000000|0.00000000|0.00000000|0.00000000|0.00000000|1.87984750|0.00000000|0.00000000|0.00000000|0.00000000|0.00000000|0.00000000|0.00000000|0.00000000|0.00000000|0.00000000|0.00000000|0.00000000|0.00000000
0.00000000|0.00000000|0.00000000|0.00000000|0.00000000|0.00000000|0.00000000|0.00000000|0.00000000|0.00000000|0.00000000|0.00000000|0.00000000|0.00000000|0.00000000|0.00000000|0.00000000|0.00000000|0.00000000|0.00000000|0.00000000|0.00000000|0.00000000|0.00000000|0.00000000|0.00000000|0.19513230|0.00000000|0.24081583|0.22181583|0.00000000|0.00000000|0.00000000|0.00000000|0.00000000|0.16579319|0.00000000|0.00000000|0.17105922|0.00000000|0.17105922|0.17105922|0.00000000|0.16579319|0.00000000|0.19907682|0.00000000|0.00000000|0.00000000|0.00000000
0.00000000|0.00000000|0.00000000|0.00000000|0.00000000|0.00000000|0.00000000|0.00000000|0.00000000|0.00000000|0.00000000|0.00000000|0.00000000|0.00000000|0.00000000|0.00000000|0.00000000|0.00000000|0.00000000|0.00000000|0.00000000|0.00000000|0.00000000|0.00000000|0.00000000|0.00000000|0.19513230|0.00000000|0.22181583|0.22181583|0.00000000|0.00000000|0.00000000|0.00000000|0.00000000|0.16579319|0.00000000|0.00000000|0.17105922|0.00000000|0.17105922|0.17105922|0.00000000|0.16579319|0.00000000|0.19907682|0.00000000|0.00000000|0.00000000|0.00000000
0.00000000|0.00000000|0.00000000|0.00000000|0.00000000|0.00000000|0.00000000|0.00000000|0.00000000|0.00000000|0.00000000|0.00000000|0.00000000|0.00000000|0.00000000|0.00000000|0.00000000|0.00000000|0.00000000|0.00000000|0.00000000|0.00000000|0.00000000|0.00000000|0.00000000|0.00000000|0.00000000|0.00000000|0.00000000|0.00000000|1.23212250|0.00000000|1.20702250|0.00000000|0.00000000|0.00000000|0.00000000|0.00000000|0.00000000|0.00000000|0.00000000|0.00000000|0.00000000|0.00000000|1.20702250|0.00000000|0.00000000|0.00000000|0.00000000|0.00000000
0.00000000|0.00000000|0.00000000|0.00000000|0.00000000|0.00000000|0.00000000|0.00000000|0.00000000|0.00000000|0.00000000|0.00000000|0.00000000|0.00000000|0.00000000|0.00000000|0.00000000|0.00000000|0.00000000|0.00000000|0.00000000|0.00000000|0.00000000|0.00000000|0.00000000|0.00000000|0.00000000|0.00000000|0.00000000|0.00000000|0.00000000|0.10860000|0.00000000|0.00000000|0.00000000|0.00000000|0.00000000|0.00000000|0.00000000|0.00000000|0.00000000|0.00000000|0.00000000|0.00000000|0.00000000|0.00000000|0.00000000|0.00000000|0.00000000|0.00000000
0.00000000|0.00000000|0.00000000|0.00000000|0.00000000|0.00000000|0.00000000|0.00000000|0.00000000|0.00000000|0.00000000|0.00000000|0.00000000|0.00000000|0.00000000|0.00000000|0.00000000|0.00000000|0.00000000|0.00000000|0.00000000|0.00000000|0.00000000|0.00000000|0.00000000|0.00000000|0.00000000|0.00000000|0.00000000|0.00000000|1.20702250|0.00000000|1.65102250|0.00000000|0.00000000|0.00000000|0.00000000|0.00000000|0.00000000|0.00000000|0.00000000|0.00000000|0.00000000|0.00000000|1.20702250|0.00000000|0.00000000|0.00000000|0.00000000|0.00000000
0.00000000|0.00000000|0.00000000|0.00000000|0.00000000|0.00000000|0.00000000|0.00000000|0.00000000|0.00000000|0.00000000|0.00000000|0.00000000|0.00000000|0.00000000|0.00000000|0.00000000|0.00000000|0.00000000|0.00000000|0.00000000|0.00000000|0.00000000|0.00000000|0.00000000|0.00000000|0.00000000|0.00000000|0.00000000|0.00000000|0.00000000|0.00000000|0.00000000|0.06600000|0.00000000|0.00000000|0.00000000|0.00000000|0.00000000|0.00000000|0.00000000|0.00000000|0.00000000|0.00000000|0.00000000|0.00000000|0.00000000|0.00000000|0.00000000|0.00000000
0.00000000|0.00000000|0.00000000|0.00000000|0.00000000|0.00000000|0.00000000|0.00000000|0.00000000|0.00000000|0.00000000|0.00000000|0.00000000|0.00000000|0.00000000|0.00000000|0.00000000|0.00000000|0.00000000|0.00000000|0.00000000|0.00000000|0.00000000|0.00000000|0.00000000|0.00000000|0.00000000|0.00000000|0.00000000|0.00000000|0.00000000|0.00000000|0.00000000|0.00000000|0.14900000|0.00000000|0.00000000|0.00000000|0.00000000|0.00000000|0.00000000|0.00000000|0.00000000|0.00000000|0.00000000|0.00000000|0.00000000|0.00000000|0.00000000|0.00000000
0.00000000|0.00000000|0.00000000|0.00000000|0.00000000|0.00000000|0.00000000|0.00000000|0.00000000|0.00000000|0.00000000|0.00000000|0.00000000|0.00000000|0.00000000|0.00000000|0.00000000|0.00000000|0.00000000|0.00000000|0.00000000|0.00000000|0.00000000|0.00000000|0.00000000|0.00000000|0.16812080|0.00000000|0.16579319|0.16579319|0.00000000|0.00000000|0.00000000|0.00000000|0.00000000|0.26481292|0.00000000|0.00000000|0.22183329|0.00000000|0.22183329|0.22183329|0.00000000|0.24621292|0.00000000|0.17151929|0.00000000|0.00000000|0.00000000|0.00000000
0.00000000|0.00000000|0.00000000|1.70714750|0.00000000|0.00000000|1.70714750|0.00000000|0.00000000|0.00000000|0.00000000|0.00000000|0.00000000|0.00000000|0.00000000|0.00000000|0.00000000|0.00000000|0.00000000|0.00000000|0.00000000|0.00000000|0.00000000|0.00000000|0.00000000|0.00000000|0.00000000|1.87984750|0.00000000|0.00000000|0.00000000|0.00000000|0.00000000|0.00000000|0.00000000|0.00000000|1.89784750|0.00000000|0.00000000|0.00000000|0.00000000|0.00000000|0.00000000|0.00000000|0.00000000|0.00000000|0.00000000|0.00000000|0.00000000|0.00000000
0.00000000|0.00000000|0.00000000|0.00000000|0.00000000|0.00000000|0.00000000|0.00000000|0.00000000|0.00000000|0.00000000|0.00000000|0.00000000|0.00000000|0.00000000|0.00000000|0.00000000|0.00000000|0.00000000|0.00000000|0.00000000|0.00000000|0.28110000|0.00000000|0.00000000|0.00000000|0.00000000|0.00000000|0.00000000|0.00000000|0.00000000|0.00000000|0.00000000|0.00000000|0.00000000|0.00000000|0.00000000|0.64130000|0.00000000|0.00000000|0.00000000|0.00000000|0.00000000|0.00000000|0.00000000|0.00000000|0.00000000|0.00000000|0.00000000|0.00000000
0.00000000|0.00000000|0.00000000|0.00000000|0.00000000|0.00000000|0.00000000|0.00000000|0.00000000|0.00000000|0.00000000|0.00000000|0.00000000|0.00000000|0.00000000|0.00000000|0.00000000|0.00000000|0.00000000|0.00000000|0.00000000|0.00000000|0.00000000|0.00000000|0.00000000|0.00000000|0.17346076|0.00000000|0.17105922|0.17105922|0.00000000|0.00000000|0.00000000|0.00000000|0.00000000|0.22183329|0.00000000|0.00000000|0.34427930|0.00000000|0.22887930|0.22887930|0.00000000|0.22183329|0.00000000|0.17696719|0.00000000|0.00000000|0.00000000|0.00000000
0.00000000|0.00000000|0.00000000|0.00000000|0.00000000|0.00000000|0.00000000|0.00000000|0.00000000|0.00000000|0.00000000|0.00000000|0.00000000|0.00000000|0.00000000|0.00000000|0.00000000|0.00000000|0.00000000|0.00000000|0.00000000|0.00000000|0.00000000|0.00000000|0.00000000|0.00000000|0.00000000|0.00000000|0.00000000|0.00000000|0.00000000|0.00000000|0.00000000|0.00000000|0.00000000|0.00000000|0.00000000|0.00000000|0.00000000|0.00000000|0.00000000|0.00000000|0.00000000|0.00000000|0.00000000|0.00000000|0.00000000|0.00000000|0.00000000|0.00000000
0.00000000|0.00000000|0.00000000|0.00000000|0.00000000|0.00000000|0.00000000|0.00000000|0.00000000|0.00000000|0.00000000|0.00000000|0.00000000|0.00000000|0.00000000|0.00000000|0.00000000|0.00000000|0.00000000|0.00000000|0.00000000|0.00000000|0.00000000|0.00000000|0.00000000|0.00000000|0.17346076|0.00000000|0.17105922|0.17105922|0.00000000|0.00000000|0.00000000|0.00000000|0.00000000|0.22183329|0.00000000|0.00000000|0.22887930|0.00000000|0.38067930|0.22887930|0.00000000|0.22183329|0.00000000|0.17696719|0.00000000|0.00000000|0.00000000|0.00000000
0.00000000|0.00000000|0.00000000|0.00000000|0.00000000|0.00000000|0.00000000|0.00000000|0.00000000|0.00000000|0.00000000|0.00000000|0.00000000|0.00000000|0.00000000|0.00000000|0.00000000|0.00000000|0.00000000|0.00000000|0.00000000|0.00000000|0.00000000|0.00000000|0.00000000|0.00000000|0.17346076|0.00000000|0.17105922|0.17105922|0.00000000|0.00000000|0.00000000|0.00000000|0.00000000|0.22183329|0.00000000|0.00000000|0.22887930|0.00000000|0.22887930|0.22887930|0.00000000|0.22183329|0.00000000|0.17696719|0.00000000|0.00000000|0.00000000|0.00000000
0.00000000|0.00000000|0.00000000|0.00000000|0.00000000|0.00000000|0.00000000|0.00000000|0.00000000|0.00000000|0.00000000|0.00000000|0.00000000|0.00000000|0.00000000|0.00000000|0.00000000|0.00000000|0.00000000|0.00000000|0.00000000|0.00000000|0.00000000|0.00000000|0.00000000|0.00000000|0.00000000|0.00000000|0.00000000|0.00000000|0.00000000|0.00000000|0.00000000|0.00000000|0.00000000|0.00000000|0.00000000|0.00000000|0.00000000|0.00000000|0.00000000|0.00000000|0.23550000|0.00000000|0.00000000|0.00000000|0.00000000|0.00000000|0.00000000|0.00000000
0.00000000|0.00000000|0.00000000|0.00000000|0.00000000|0.00000000|0.00000000|0.00000000|0.00000000|0.00000000|0.00000000|0.00000000|0.00000000|0.00000000|0.00000000|0.00000000|0.00000000|0.00000000|0.00000000|0.00000000|0.00000000|0.00000000|0.00000000|0.00000000|0.00000000|0.00000000|0.16812080|0.00000000|0.16579319|0.16579319|0.00000000|0.00000000|0.00000000|0.00000000|0.00000000|0.24621292|0.00000000|0.00000000|0.22183329|0.00000000|0.22183329|0.22183329|0.00000000|0.24621292|0.00000000|0.17151929|0.00000000|0.00000000|0.00000000|0.00000000
0.00000000|0.00000000|0.00000000|0.00000000|0.00000000|0.00000000|0.00000000|0.00000000|0.00000000|0.00000000|0.00000000|0.00000000|0.00000000|0.00000000|0.00000000|0.00000000|0.00000000|0.00000000|0.00000000|0.00000000|0.00000000|0.00000000|0.00000000|0.00000000|0.00000000|0.00000000|0.00000000|0.00000000|0.00000000|0.00000000|1.20702250|0.00000000|1.20702250|0.00000000|0.00000000|0.00000000|0.00000000|0.00000000|0.00000000|0.00000000|0.00000000|0.00000000|0.00000000|0.00000000|1.20702250|0.00000000|0.00000000|0.00000000|0.00000000|0.00000000
0.00000000|0.00000000|0.00000000|0.00000000|0.00000000|0.00000000|0.00000000|0.00000000|0.00000000|0.00000000|0.00000000|0.00000000|0.00000000|0.00000000|0.00000000|0.00000000|0.00000000|0.00000000|0.00000000|0.00000000|0.00000000|0.00000000|0.00000000|0.00000000|0.00000000|0.00000000|0.20187170|0.00000000|0.19907682|0.19907682|0.00000000|0.00000000|0.00000000|0.00000000|0.00000000|0.17151929|0.00000000|0.00000000|0.17696719|0.00000000|0.17696719|0.17696719|0.00000000|0.17151929|0.00000000|0.20595245|0.00000000|0.00000000|0.00000000|0.00000000
0.00000000|0.00000000|0.00000000|0.00000000|0.00000000|0.00000000|0.00000000|0.00000000|0.00000000|0.00000000|0.00000000|0.00000000|0.00000000|0.00000000|0.00000000|0.00000000|0.00000000|0.00000000|0.00000000|0.00000000|0.00000000|0.00000000|0.00000000|0.00000000|0.00000000|0.00000000|0.00000000|0.00000000|0.00000000|0.00000000|0.00000000|0.00000000|0.00000000|0.00000000|0.00000000|0.00000000|0.00000000|0.00000000|0.00000000|0.00000000|0.00000000|0.00000000|0.00000000|0.00000000|0.00000000|0.00000000|0.00000000|0.00000000|0.00000000|0.00000000
0.00000000|0.00000000|0.00000000|0.00000000|0.00000000|0.00000000|0.00000000|0.00000000|0.00000000|0.00000000|0.00000000|0.00000000|0.00000000|0.00000000|0.00000000|0.00000000|0.00000000|0.00000000|0.00000000|0.00000000|0.00000000|0.00000000|0.00000000|0.00000000|0.00000000|0.00000000|0.00000000|0.00000000|0.00000000|0.00000000|0.00000000|0.00000000|0.00000000|0.00000000|0.00000000|0.00000000|0.00000000|0.00000000|0.00000000|0.00000000|0.00000000|0.00000000|0.00000000|0.00000000|0.00000000|0.00000000|0.00000000|0.00000000|0.00000000|0.00000000
0.00000000|0.00000000|0.00000000|0.00000000|0.00000000|0.00000000|0.00000000|0.00000000|0.00000000|0.00000000|0.00000000|0.00000000|0.00000000|0.00000000|0.00000000|0.00000000|0.00000000|0.00000000|0.00000000|0.00000000|0.00000000|0.00000000|0.00000000|0.00000000|0.00000000|0.00000000|0.00000000|0.00000000|0.00000000|0.00000000|0.00000000|0.00000000|0.00000000|0.00000000|0.00000000|0.00000000|0.00000000|0.00000000|0.00000000|0.00000000|0.00000000|0.00000000|0.00000000|0.00000000|0.00000000|0.00000000|0.00000000|0.00000000|0.00000000|0.00000000
0.00000000|0.00000000|0.00000000|0.00000000|0.00000000|0.00000000|0.00000000|0.00000000|0.00000000|0.00000000|0.00000000|0.00000000|0.00000000|0.00000000|0.00000000|0.00000000|0.00000000|0.00000000|0.00000000|0.00000000|0.00000000|0.00000000|0.00000000|0.00000000|0.00000000|0.00000000|0.00000000|0.00000000|0.00000000|0.00000000|0.00000000|0.00000000|0.00000000|0.00000000|0.00000000|0.00000000|0.00000000|0.00000000|0.00000000|0.00000000|0.00000000|0.00000000|0.00000000|0.00000000|0.00000000|0.00000000|0.00000000|0.00000000|0.00000000|0.00000000
